"Aaliyah","F","1989","10","817"
"Aamira","F","1989","1","826"
"Aaren","F","1989","6","821"
"Aarica","F","1989","3","824"
"Aariel","F","1989","4","823"
"Aarika","F","1989","32","795"
"Aarion","F","1989","2","825"
"Aaron","F","1989","87","732"
"Aarthi","F","1989","2","825"
"Aarti","F","1989","5","822"
"Aaryn","F","1989","9","818"
"Aasha","F","1989","7","820"
"Aasia","F","1989","1","826"
"Abagail","F","1989","32","795"
"Abaigeal","F","1989","2","825"
"Abbagail","F","1989","3","824"
"Abbe","F","1989","10","817"
"Abbee","F","1989","3","824"
"Abbey","F","1989","175","440"
"Abbi","F","1989","29","798"
"Abbie","F","1989","144","574"
"Abbigail","F","1989","50","776"
"Abbigale","F","1989","10","817"
"Abbigayle","F","1989","5","822"
"Abby","F","1989","204","208"
"Abbye","F","1989","5","822"
"Abbygail","F","1989","7","820"
"Abeer","F","1989","4","823"
"Abegail","F","1989","5","822"
"Abel","F","1989","4","823"
"Abelina","F","1989","2","825"
"Abena","F","1989","12","815"
"Abeni","F","1989","7","820"
"Abie","F","1989","1","826"
"Abigael","F","1989","14","813"
"Abigail","F","1989","222","94"
"Abigaile","F","1989","2","825"
"Abigal","F","1989","14","813"
"Abigale","F","1989","37","790"
"Abigayle","F","1989","39","788"
"Abilene","F","1989","7","820"
"Abimbola","F","1989","1","826"
"Abiola","F","1989","2","825"
"Abir","F","1989","1","826"
"Abony","F","1989","1","826"
"Abra","F","1989","19","808"
"Abraham","F","1989","3","824"
"Abrar","F","1989","5","822"
"Abree","F","1989","2","825"
"Abria","F","1989","1","826"
"Abriana","F","1989","7","820"
"Abrianna","F","1989","4","823"
"Abriel","F","1989","5","822"
"Abrielle","F","1989","11","816"
"Abril","F","1989","26","801"
"Abygail","F","1989","8","819"
"Acacia","F","1989","74","748"
"Acadia","F","1989","1","826"
"Acasia","F","1989","1","826"
"Ada","F","1989","120","666"
"Adaeze","F","1989","4","823"
"Adah","F","1989","1","826"
"Adair","F","1989","12","815"
"Adaire","F","1989","1","826"
"Adalia","F","1989","3","824"
"Adaline","F","1989","3","824"
"Adam","F","1989","54","771"
"Adan","F","1989","2","825"
"Adara","F","1989","19","808"
"Adasha","F","1989","12","815"
"Addie","F","1989","95","720"
"Addison","F","1989","61","761"
"Addy","F","1989","6","821"
"Adeena","F","1989","3","824"
"Adel","F","1989","2","825"
"Adela","F","1989","76","746"
"Adelaida","F","1989","17","810"
"Adelaide","F","1989","25","802"
"Adele","F","1989","67","755"
"Adelia","F","1989","12","815"
"Adelina","F","1989","47","779"
"Adeline","F","1989","63","759"
"Adelita","F","1989","11","816"
"Adell","F","1989","2","825"
"Adella","F","1989","6","821"
"Adelle","F","1989","26","801"
"Adelyn","F","1989","5","822"
"Adena","F","1989","21","806"
"Adenike","F","1989","1","826"
"Adessa","F","1989","9","818"
"Adesuwa","F","1989","2","825"
"Adi","F","1989","6","821"
"Adia","F","1989","9","818"
"Adilene","F","1989","116","673"
"Adina","F","1989","86","733"
"Adison","F","1989","1","826"
"Aditi","F","1989","14","813"
"Adonia","F","1989","3","824"
"Adonica","F","1989","1","826"
"Adora","F","1989","21","806"
"Adrain","F","1989","14","813"
"Adraine","F","1989","1","826"
"Adrea","F","1989","16","811"
"Adrean","F","1989","8","819"
"Adreana","F","1989","29","798"
"Adreanna","F","1989","38","789"
"Adreanne","F","1989","4","823"
"Adreena","F","1989","6","821"
"Adreina","F","1989","2","825"
"Adrena","F","1989","14","813"
"Adreona","F","1989","2","825"
"Adreonna","F","1989","1","826"
"Adri","F","1989","1","826"
"Adria","F","1989","90","727"
"Adrian","F","1989","152","546"
"Adriana","F","1989","215","133"
"Adriane","F","1989","102","708"
"Adriann","F","1989","13","814"
"Adrianna","F","1989","195","272"
"Adrianne","F","1989","148","551"
"Adriaunna","F","1989","1","826"
"Adrieana","F","1989","1","826"
"Adrieanna","F","1989","15","812"
"Adriel","F","1989","6","821"
"Adrielle","F","1989","2","825"
"Adrien","F","1989","26","801"
"Adriena","F","1989","4","823"
"Adriene","F","1989","30","797"
"Adrienna","F","1989","42","785"
"Adrienne","F","1989","203","209"
"Adrina","F","1989","24","803"
"Adriona","F","1989","6","821"
"Adrionna","F","1989","12","815"
"Adryan","F","1989","1","826"
"Adryana","F","1989","2","825"
"Adwoa","F","1989","7","820"
"Adylene","F","1989","2","825"
"Aeisha","F","1989","2","825"
"Aerial","F","1989","51","775"
"Aeriel","F","1989","17","810"
"Aeriell","F","1989","2","825"
"Aerielle","F","1989","14","813"
"Aerin","F","1989","2","825"
"Aesha","F","1989","6","821"
"Afia","F","1989","4","823"
"Africa","F","1989","6","821"
"Aftan","F","1989","5","822"
"Aften","F","1989","3","824"
"Afton","F","1989","102","708"
"Agata","F","1989","5","822"
"Agatha","F","1989","25","802"
"Aggie","F","1989","4","823"
"Agigail","F","1989","1","826"
"Agnes","F","1989","70","752"
"Agnieszka","F","1989","5","822"
"Agueda","F","1989","2","825"
"Agustina","F","1989","5","822"
"Ahlam","F","1989","12","815"
"Ahley","F","1989","1","826"
"Ahlia","F","1989","4","823"
"Ahna","F","1989","12","815"
"Ahnna","F","1989","1","826"
"Ahslee","F","1989","2","825"
"Ahsley","F","1989","63","759"
"Ahuva","F","1989","6","821"
"Ai","F","1989","8","819"
"Aida","F","1989","100","710"
"Aidan","F","1989","12","815"
"Aide","F","1989","20","807"
"Aidee","F","1989","14","813"
"Aidel","F","1989","3","824"
"Aiden","F","1989","1","826"
"Aiesha","F","1989","31","796"
"Aigner","F","1989","13","814"
"Aija","F","1989","1","826"
"Aiko","F","1989","4","823"
"Aila","F","1989","4","823"
"Aileen","F","1989","139","597"
"Ailene","F","1989","1","826"
"Aili","F","1989","2","825"
"Ailsa","F","1989","2","825"
"Ailyn","F","1989","1","826"
"Aime","F","1989","15","812"
"Aimee","F","1989","197","256"
"Aimie","F","1989","8","819"
"Aimy","F","1989","3","824"
"Aina","F","1989","1","826"
"Aine","F","1989","8","819"
"Ainslee","F","1989","10","817"
"Ainsley","F","1989","65","757"
"Ainslie","F","1989","3","824"
"Aira","F","1989","2","825"
"Airam","F","1989","2","825"
"Aireal","F","1989","3","824"
"Airel","F","1989","5","822"
"Airelle","F","1989","18","809"
"Airica","F","1989","2","825"
"Airiel","F","1989","4","823"
"Airielle","F","1989","1","826"
"Airika","F","1989","2","825"
"Airin","F","1989","1","826"
"Aisa","F","1989","15","812"
"Aisha","F","1989","163","495"
"Aishah","F","1989","17","810"
"Aishia","F","1989","6","821"
"Aishling","F","1989","3","824"
"Aisling","F","1989","23","804"
"Aislinn","F","1989","44","783"
"Aislynn","F","1989","11","816"
"Aissa","F","1989","24","803"
"Aixa","F","1989","8","819"
"Aiyana","F","1989","11","816"
"Aiysha","F","1989","3","824"
"Aja","F","1989","130","632"
"Ajah","F","1989","12","815"
"Ajia","F","1989","7","820"
"Akane","F","1989","2","825"
"Akasha","F","1989","8","819"
"Akea","F","1989","1","826"
"Akeelah","F","1989","3","824"
"Akeema","F","1989","2","825"
"Akeia","F","1989","3","824"
"Akeisha","F","1989","8","819"
"Akela","F","1989","5","822"
"Akelia","F","1989","3","824"
"Akemi","F","1989","5","822"
"Akera","F","1989","1","826"
"Akesha","F","1989","1","826"
"Akeshia","F","1989","2","825"
"Akhila","F","1989","1","826"
"Aki","F","1989","4","823"
"Akia","F","1989","22","805"
"Akiko","F","1989","10","817"
"Akila","F","1989","7","820"
"Akilah","F","1989","56","768"
"Akina","F","1989","2","825"
"Akira","F","1989","26","801"
"Akisha","F","1989","8","819"
"Akiya","F","1989","3","824"
"Akosua","F","1989","5","822"
"Akua","F","1989","1","826"
"Ala","F","1989","14","813"
"Alaa","F","1989","14","813"
"Alacia","F","1989","17","810"
"Alaena","F","1989","3","824"
"Alaina","F","1989","179","411"
"Alaine","F","1989","15","812"
"Alainna","F","1989","9","818"
"Alair","F","1989","1","826"
"Alan","F","1989","11","816"
"Alana","F","1989","184","351"
"Alanah","F","1989","13","814"
"Alanda","F","1989","5","822"
"Alandra","F","1989","11","816"
"Alandrea","F","1989","1","826"
"Alandria","F","1989","7","820"
"Alane","F","1989","7","820"
"Alani","F","1989","1","826"
"Alania","F","1989","8","819"
"Alanna","F","1989","160","508"
"Alannah","F","1989","8","819"
"Alante","F","1989","5","822"
"Alara","F","1989","2","825"
"Alasha","F","1989","5","822"
"Alaska","F","1989","2","825"
"Alauna","F","1989","2","825"
"Alaura","F","1989","62","760"
"Alaxandra","F","1989","1","826"
"Alayna","F","1989","107","698"
"Alayne","F","1989","8","819"
"Alaysha","F","1989","5","822"
"Alba","F","1989","108","694"
"Albana","F","1989","1","826"
"Albert","F","1989","7","820"
"Alberta","F","1989","37","790"
"Albertina","F","1989","4","823"
"Alberto","F","1989","2","825"
"Albina","F","1989","1","826"
"Alda","F","1989","6","821"
"Alden","F","1989","7","820"
"Alea","F","1989","36","791"
"Aleah","F","1989","85","734"
"Aleaha","F","1989","2","825"
"Aleana","F","1989","4","823"
"Alease","F","1989","7","820"
"Aleasha","F","1989","35","792"
"Aleashia","F","1989","4","823"
"Aleatha","F","1989","1","826"
"Alec","F","1989","10","817"
"Alece","F","1989","1","826"
"Alecia","F","1989","159","514"
"Alee","F","1989","2","825"
"Aleea","F","1989","1","826"
"Aleece","F","1989","16","811"
"Aleecia","F","1989","10","817"
"Aleen","F","1989","1","826"
"Aleena","F","1989","30","797"
"Aleesa","F","1989","10","817"
"Aleese","F","1989","8","819"
"Aleesha","F","1989","78","744"
"Aleesia","F","1989","1","826"
"Aleeza","F","1989","4","823"
"Alegandra","F","1989","4","823"
"Alegra","F","1989","4","823"
"Aleia","F","1989","16","811"
"Aleicia","F","1989","1","826"
"Aleida","F","1989","16","811"
"Aleigh","F","1989","3","824"
"Aleigha","F","1989","14","813"
"Aleisa","F","1989","8","819"
"Aleisha","F","1989","101","709"
"Alejandra","F","1989","193","280"
"Alejandria","F","1989","4","823"
"Alejandrina","F","1989","31","796"
"Alejandro","F","1989","28","799"
"Aleksandra","F","1989","33","794"
"Alena","F","1989","116","673"
"Alene","F","1989","13","814"
"Alenna","F","1989","1","826"
"Aleria","F","1989","1","826"
"Alesa","F","1989","13","814"
"Alesandra","F","1989","16","811"
"Alese","F","1989","14","813"
"Alesha","F","1989","149","550"
"Aleshea","F","1989","1","826"
"Aleshia","F","1989","99","711"
"Alesia","F","1989","118","669"
"Alessa","F","1989","10","817"
"Alessandra","F","1989","133","619"
"Alessandria","F","1989","2","825"
"Alessia","F","1989","17","810"
"Aleta","F","1989","23","804"
"Aletha","F","1989","15","812"
"Alethea","F","1989","44","783"
"Aletheia","F","1989","2","825"
"Alethia","F","1989","20","807"
"Alex","F","1989","141","594"
"Alexa","F","1989","206","199"
"Alexander","F","1989","138","598"
"Alexandera","F","1989","15","812"
"Alexanderia","F","1989","24","803"
"Alexandr","F","1989","150","549"
"Alexandra","F","1989","230","43"
"Alexandre","F","1989","10","817"
"Alexandrea","F","1989","143","578"
"Alexandria","F","1989","220","104"
"Alexandrina","F","1989","8","819"
"Alexandrya","F","1989","2","825"
"Alexarae","F","1989","3","824"
"Alexaray","F","1989","1","826"
"Alexas","F","1989","4","823"
"Alexaundria","F","1989","4","823"
"Alexcia","F","1989","10","817"
"Alexendria","F","1989","1","826"
"Alexes","F","1989","12","815"
"Alexi","F","1989","48","778"
"Alexia","F","1989","155","534"
"Alexie","F","1989","15","812"
"Alexina","F","1989","3","824"
"Alexine","F","1989","2","825"
"Alexis","F","1989","223","92"
"Alexiss","F","1989","1","826"
"Alexius","F","1989","2","825"
"Alexix","F","1989","1","826"
"Alexnadra","F","1989","4","823"
"Alexsa","F","1989","4","823"
"Alexsandra","F","1989","40","787"
"Alexsandria","F","1989","7","820"
"Alexsis","F","1989","21","806"
"Alexsys","F","1989","1","826"
"Alexus","F","1989","9","818"
"Alexx","F","1989","6","821"
"Alexxa","F","1989","1","826"
"Alexxis","F","1989","6","821"
"Alexy","F","1989","1","826"
"Alexys","F","1989","23","804"
"Alexzandra","F","1989","24","803"
"Alexzandrea","F","1989","5","822"
"Alexzandria","F","1989","24","803"
"Aleya","F","1989","2","825"
"Aleyda","F","1989","7","820"
"Aleysha","F","1989","1","826"
"Alfred","F","1989","4","823"
"Alfreda","F","1989","9","818"
"Alfredo","F","1989","8","819"
"Ali","F","1989","143","578"
"Alia","F","1989","105","702"
"Aliah","F","1989","11","816"
"Aliana","F","1989","2","825"
"Alica","F","1989","35","792"
"Alicai","F","1989","2","825"
"Alice","F","1989","188","322"
"Alicea","F","1989","18","809"
"Alicen","F","1989","23","804"
"Alicha","F","1989","8","819"
"Alichia","F","1989","6","821"
"Alicia","F","1989","226","53"
"Alicja","F","1989","1","826"
"Alicyn","F","1989","11","816"
"Alida","F","1989","27","800"
"Alie","F","1989","15","812"
"Aliena","F","1989","1","826"
"Aliesha","F","1989","25","802"
"Alika","F","1989","3","824"
"Alima","F","1989","1","826"
"Alina","F","1989","147","561"
"Aline","F","1989","36","791"
"Alisa","F","1989","180","407"
"Alisabeth","F","1989","1","826"
"Alisandra","F","1989","4","823"
"Aliscia","F","1989","4","823"
"Alise","F","1989","69","753"
"Alisea","F","1989","2","825"
"Alisen","F","1989","8","819"
"Alish","F","1989","1","826"
"Alisha","F","1989","217","122"
"Alishea","F","1989","1","826"
"Alishia","F","1989","102","708"
"Alisia","F","1989","82","740"
"Alison","F","1989","218","118"
"Alissa","F","1989","194","279"
"Alissandra","F","1989","2","825"
"Alisse","F","1989","5","822"
"Alissia","F","1989","14","813"
"Alisson","F","1989","2","825"
"Alisyn","F","1989","4","823"
"Alita","F","1989","14","813"
"Alitza","F","1989","7","820"
"Alitzah","F","1989","2","825"
"Alivia","F","1989","47","779"
"Alix","F","1989","113","684"
"Alixandra","F","1989","38","789"
"Alixandria","F","1989","24","803"
"Aliya","F","1989","51","775"
"Aliyah","F","1989","22","805"
"Aliyyah","F","1989","3","824"
"Aliza","F","1989","72","750"
"Alizabeth","F","1989","24","803"
"Alize","F","1989","2","825"
"Alka","F","1989","1","826"
"Alla","F","1989","2","825"
"Allaina","F","1989","2","825"
"Allaire","F","1989","1","826"
"Allan","F","1989","3","824"
"Allana","F","1989","23","804"
"Allante","F","1989","9","818"
"Allecia","F","1989","4","823"
"Allee","F","1989","5","822"
"Allegra","F","1989","96","718"
"Allen","F","1989","8","819"
"Allena","F","1989","15","812"
"Allene","F","1989","2","825"
"Allesha","F","1989","9","818"
"Allessandra","F","1989","4","823"
"Allex","F","1989","2","825"
"Allexis","F","1989","2","825"
"Alley","F","1989","9","818"
"Alli","F","1989","46","781"
"Allicia","F","1989","33","794"
"Allie","F","1989","164","493"
"Allina","F","1989","2","825"
"Allisa","F","1989","28","799"
"Allisen","F","1989","6","821"
"Allisha","F","1989","41","786"
"Allison","F","1989","229","46"
"Allissa","F","1989","44","783"
"Allisyn","F","1989","6","821"
"Allix","F","1989","5","822"
"Allora","F","1989","6","821"
"Allsion","F","1989","1","826"
"Allura","F","1989","15","812"
"Ally","F","1989","50","776"
"Allyce","F","1989","35","792"
"Allycia","F","1989","19","808"
"Allyn","F","1989","28","799"
"Allysa","F","1989","91","726"
"Allyse","F","1989","38","789"
"Allysen","F","1989","6","821"
"Allysha","F","1989","31","796"
"Allyshia","F","1989","3","824"
"Allysia","F","1989","17","810"
"Allyson","F","1989","201","237"
"Allyssa","F","1989","131","628"
"Allyssia","F","1989","5","822"
"Allysson","F","1989","2","825"
"Alma","F","1989","183","369"
"Almadelia","F","1989","6","821"
"Almarosa","F","1989","1","826"
"Alnisa","F","1989","8","819"
"Alon","F","1989","2","825"
"Alona","F","1989","22","805"
"Alonda","F","1989","13","814"
"Alondra","F","1989","74","748"
"Alonna","F","1989","24","803"
"Alora","F","1989","89","728"
"Alpha","F","1989","8","819"
"Alta","F","1989","29","798"
"Altagracia","F","1989","13","814"
"Althea","F","1989","61","761"
"Alton","F","1989","1","826"
"Alura","F","1989","20","807"
"Alva","F","1989","37","790"
"Alvin","F","1989","2","825"
"Alvina","F","1989","32","795"
"Aly","F","1989","6","821"
"Alya","F","1989","3","824"
"Alyce","F","1989","78","744"
"Alycea","F","1989","2","825"
"Alycia","F","1989","170","472"
"Alyissa","F","1989","3","824"
"Alyna","F","1989","5","822"
"Alynn","F","1989","6","821"
"Alys","F","1989","13","814"
"Alysa","F","1989","124","659"
"Alyscia","F","1989","7","820"
"Alyse","F","1989","153","543"
"Alysen","F","1989","4","823"
"Alysha","F","1989","182","383"
"Alyshea","F","1989","1","826"
"Alyshia","F","1989","77","745"
"Alysia","F","1989","167","486"
"Alyson","F","1989","187","331"
"Alyss","F","1989","8","819"
"Alyssa","F","1989","233","33"
"Alyssaann","F","1989","1","826"
"Alyssabeth","F","1989","2","825"
"Alyssamarie","F","1989","5","822"
"Alyssandra","F","1989","1","826"
"Alysse","F","1989","53","773"
"Alyssha","F","1989","3","824"
"Alyssia","F","1989","123","661"
"Alysson","F","1989","11","816"
"Alyx","F","1989","28","799"
"Alyxandra","F","1989","17","810"
"Alyxandria","F","1989","8","819"
"Ama","F","1989","2","825"
"Amabel","F","1989","2","825"
"Amada","F","1989","24","803"
"Amal","F","1989","42","785"
"Amalia","F","1989","104","705"
"Amalie","F","1989","5","822"
"Amamda","F","1989","12","815"
"Amana","F","1989","3","824"
"Amanada","F","1989","21","806"
"Amand","F","1989","3","824"
"Amanda","F","1989","235","4"
"Amandah","F","1989","2","825"
"Amandajo","F","1989","7","820"
"Amandalee","F","1989","4","823"
"Amandaleigh","F","1989","1","826"
"Amandalynn","F","1989","6","821"
"Amandamarie","F","1989","2","825"
"Amandarae","F","1989","3","824"
"Amandeep","F","1989","1","826"
"Amandia","F","1989","1","826"
"Amando","F","1989","7","820"
"Amanee","F","1989","1","826"
"Amani","F","1989","46","781"
"Amannda","F","1989","3","824"
"Amanpreet","F","1989","1","826"
"Amantha","F","1989","4","823"
"Amany","F","1989","1","826"
"Amara","F","1989","68","754"
"Amarah","F","1989","1","826"
"Amari","F","1989","12","815"
"Amarilis","F","1989","18","809"
"Amarilys","F","1989","13","814"
"Amaris","F","1989","93","722"
"Amarylis","F","1989","1","826"
"Amaryllis","F","1989","13","814"
"Amaya","F","1989","8","819"
"Ambar","F","1989","64","758"
"Amber","F","1989","234","14"
"Ambera","F","1989","1","826"
"Ambere","F","1989","2","825"
"Amberia","F","1989","1","826"
"Amberle","F","1989","9","818"
"Amberlea","F","1989","2","825"
"Amberlee","F","1989","42","785"
"Amberleigh","F","1989","6","821"
"Amberley","F","1989","20","807"
"Amberli","F","1989","2","825"
"Amberlie","F","1989","5","822"
"Amberly","F","1989","121","665"
"Amberlyn","F","1989","35","792"
"Amberlynn","F","1989","28","799"
"Ambernicole","F","1989","1","826"
"Amberrose","F","1989","5","822"
"Ambert","F","1989","7","820"
"Ambika","F","1989","3","824"
"Ambra","F","1989","37","790"
"Ambre","F","1989","20","807"
"Ambrea","F","1989","14","813"
"Ambree","F","1989","1","826"
"Ambreen","F","1989","3","824"
"Ambria","F","1989","26","801"
"Ambrosha","F","1989","1","826"
"Ambrosia","F","1989","41","786"
"Ambur","F","1989","31","796"
"Ambyr","F","1989","12","815"
"Amdanda","F","1989","1","826"
"Amee","F","1989","31","796"
"Ameena","F","1989","8","819"
"Ameenah","F","1989","5","822"
"Ameera","F","1989","14","813"
"Ameerah","F","1989","11","816"
"Ameila","F","1989","3","824"
"Ameka","F","1989","1","826"
"Amelia","F","1989","202","212"
"Amelie","F","1989","5","822"
"Amellia","F","1989","4","823"
"Amena","F","1989","11","816"
"Amenah","F","1989","1","826"
"Amenda","F","1989","9","818"
"Amera","F","1989","8","819"
"Ameria","F","1989","1","826"
"America","F","1989","79","743"
"Amesha","F","1989","12","815"
"Ameshia","F","1989","3","824"
"Amethyst","F","1989","57","767"
"Amey","F","1989","3","824"
"Ami","F","1989","94","721"
"Amia","F","1989","5","822"
"Amica","F","1989","1","826"
"Amie","F","1989","157","522"
"Amiee","F","1989","24","803"
"Amilia","F","1989","7","820"
"Amillia","F","1989","1","826"
"Amilyn","F","1989","1","826"
"Amina","F","1989","75","747"
"Aminah","F","1989","25","802"
"Aminata","F","1989","3","824"
"Aminda","F","1989","2","825"
"Aminta","F","1989","7","820"
"Amira","F","1989","86","733"
"Amiracle","F","1989","3","824"
"Amirah","F","1989","31","796"
"Amisha","F","1989","12","815"
"Amita","F","1989","3","824"
"Amity","F","1989","19","808"
"Amma","F","1989","4","823"
"Ammanda","F","1989","2","825"
"Ammie","F","1989","11","816"
"Ammy","F","1989","4","823"
"Amna","F","1989","16","811"
"Amnah","F","1989","1","826"
"Amonda","F","1989","1","826"
"Amor","F","1989","5","822"
"Amorette","F","1989","15","812"
"Amorita","F","1989","1","826"
"Amory","F","1989","1","826"
"Amparo","F","1989","16","811"
"Amrit","F","1989","5","822"
"Amrita","F","1989","23","804"
"Amy","F","1989","232","35"
"Amye","F","1989","11","816"
"Amylee","F","1989","5","822"
"Amylynn","F","1989","6","821"
"Amymarie","F","1989","1","826"
"Amyre","F","1989","1","826"
"An","F","1989","22","805"
"Ana","F","1989","216","130"
"Anaalicia","F","1989","18","809"
"Anabel","F","1989","140","596"
"Anabell","F","1989","14","813"
"Anabella","F","1989","3","824"
"Anabelle","F","1989","18","809"
"Anacaren","F","1989","1","826"
"Anaelisa","F","1989","3","824"
"Anagabriela","F","1989","4","823"
"Anah","F","1989","4","823"
"Anahi","F","1989","64","758"
"Anahid","F","1989","2","825"
"Anahit","F","1989","1","826"
"Anahita","F","1989","1","826"
"Anahy","F","1989","2","825"
"Anai","F","1989","19","808"
"Anaid","F","1989","1","826"
"Anairis","F","1989","3","824"
"Anais","F","1989","115","675"
"Anaisa","F","1989","1","826"
"Anaisabel","F","1989","1","826"
"Anaiz","F","1989","11","816"
"Anakaren","F","1989","65","757"
"Analaura","F","1989","9","818"
"Analee","F","1989","14","813"
"Analeshia","F","1989","2","825"
"Anali","F","1989","31","796"
"Analicia","F","1989","44","783"
"Analiese","F","1989","11","816"
"Analilia","F","1989","6","821"
"Analis","F","1989","1","826"
"Analisa","F","1989","83","739"
"Analise","F","1989","24","803"
"Analisha","F","1989","1","826"
"Analissa","F","1989","3","824"
"Analiz","F","1989","2","825"
"Analiza","F","1989","5","822"
"Analuisa","F","1989","2","825"
"Analy","F","1989","9","818"
"Analysa","F","1989","3","824"
"Analyse","F","1989","1","826"
"Analyssa","F","1989","5","822"
"Anam","F","1989","10","817"
"Anamaria","F","1989","49","777"
"Anamarie","F","1989","24","803"
"Ananda","F","1989","15","812"
"Anarosa","F","1989","11","816"
"Anastacia","F","1989","71","751"
"Anastasha","F","1989","6","821"
"Anastashia","F","1989","12","815"
"Anastasi","F","1989","18","809"
"Anastasia","F","1989","189","318"
"Anastassia","F","1989","12","815"
"Anastazia","F","1989","1","826"
"Anatasia","F","1989","5","822"
"Anavictoria","F","1989","1","826"
"Anay","F","1989","5","822"
"Anaya","F","1989","2","825"
"Anayancy","F","1989","1","826"
"Anayeli","F","1989","8","819"
"Anays","F","1989","2","825"
"Anber","F","1989","1","826"
"Andee","F","1989","6","821"
"Andera","F","1989","12","815"
"Anderson","F","1989","3","824"
"Andi","F","1989","29","798"
"Andia","F","1989","2","825"
"Andie","F","1989","10","817"
"Andra","F","1989","57","767"
"Andraea","F","1989","1","826"
"Andraya","F","1989","26","801"
"Andre","F","1989","29","798"
"Andrea","F","1989","231","39"
"Andreah","F","1989","3","824"
"Andreal","F","1989","6","821"
"Andreana","F","1989","60","762"
"Andreanna","F","1989","46","781"
"Andree","F","1989","15","812"
"Andreea","F","1989","7","820"
"Andreia","F","1989","11","816"
"Andreina","F","1989","115","675"
"Andreka","F","1989","6","821"
"Andrell","F","1989","3","824"
"Andrena","F","1989","11","816"
"Andreona","F","1989","4","823"
"Andres","F","1989","15","812"
"Andrew","F","1989","113","684"
"Andrey","F","1989","1","826"
"Andreya","F","1989","19","808"
"Andria","F","1989","132","627"
"Andrian","F","1989","6","821"
"Andriana","F","1989","81","741"
"Andrianna","F","1989","40","787"
"Andrielle","F","1989","2","825"
"Andrienna","F","1989","1","826"
"Andrienne","F","1989","8","819"
"Andrika","F","1989","1","826"
"Andrina","F","1989","9","818"
"Andromeda","F","1989","7","820"
"Andrya","F","1989","2","825"
"Andy","F","1989","7","820"
"Anecia","F","1989","6","821"
"Aneesa","F","1989","10","817"
"Aneesah","F","1989","11","816"
"Aneesha","F","1989","11","816"
"Aneisha","F","1989","35","792"
"Aneka","F","1989","2","825"
"Anel","F","1989","40","787"
"Anela","F","1989","2","825"
"Anelia","F","1989","1","826"
"Aneliese","F","1989","3","824"
"Anelisa","F","1989","1","826"
"Anelise","F","1989","5","822"
"Anesa","F","1989","3","824"
"Anesha","F","1989","20","807"
"Aneshia","F","1989","11","816"
"Anesia","F","1989","7","820"
"Anessa","F","1989","25","802"
"Anet","F","1989","1","826"
"Aneta","F","1989","9","818"
"Anetra","F","1989","3","824"
"Anette","F","1989","21","806"
"Angalina","F","1989","3","824"
"Angel","F","1989","212","164"
"Angela","F","1989","228","47"
"Angelamarie","F","1989","1","826"
"Angele","F","1989","14","813"
"Angelea","F","1989","19","808"
"Angeleah","F","1989","3","824"
"Angelee","F","1989","8","819"
"Angeleena","F","1989","4","823"
"Angelena","F","1989","43","784"
"Angelene","F","1989","13","814"
"Angeles","F","1989","13","814"
"Angelette","F","1989","6","821"
"Angeli","F","1989","4","823"
"Angelia","F","1989","126","657"
"Angelic","F","1989","45","782"
"Angelica","F","1989","219","107"
"Angelice","F","1989","4","823"
"Angelicia","F","1989","17","810"
"Angelie","F","1989","6","821"
"Angelika","F","1989","51","775"
"Angeliki","F","1989","1","826"
"Angelina","F","1989","192","282"
"Angeline","F","1989","117","672"
"Angeliqu","F","1989","1","826"
"Angelique","F","1989","156","523"
"Angelisa","F","1989","18","809"
"Angelise","F","1989","2","825"
"Angelita","F","1989","79","743"
"Angell","F","1989","5","822"
"Angella","F","1989","22","805"
"Angelle","F","1989","33","794"
"Angellica","F","1989","21","806"
"Angelo","F","1989","10","817"
"Angelyn","F","1989","5","822"
"Angelynn","F","1989","2","825"
"Angie","F","1989","162","501"
"Angila","F","1989","5","822"
"Angle","F","1989","16","811"
"Anglea","F","1989","14","813"
"Anh","F","1989","41","786"
"Anhthu","F","1989","3","824"
"Ani","F","1989","33","794"
"Ania","F","1989","8","819"
"Anica","F","1989","12","815"
"Anicia","F","1989","5","822"
"Anielle","F","1989","6","821"
"Anika","F","1989","81","741"
"Anikka","F","1989","3","824"
"Anina","F","1989","5","822"
"Aniqua","F","1989","2","825"
"Anisa","F","1989","38","789"
"Anisah","F","1989","5","822"
"Anise","F","1989","12","815"
"Anisha","F","1989","78","744"
"Anishia","F","1989","1","826"
"Anissa","F","1989","80","742"
"Anita","F","1989","185","347"
"Anitha","F","1989","1","826"
"Anitra","F","1989","40","787"
"Aniya","F","1989","3","824"
"Anja","F","1989","28","799"
"Anjali","F","1989","46","781"
"Anjana","F","1989","1","826"
"Anjanae","F","1989","3","824"
"Anjanette","F","1989","10","817"
"Anjani","F","1989","3","824"
"Anjeanette","F","1989","1","826"
"Anjel","F","1989","2","825"
"Anjela","F","1989","8","819"
"Anjelica","F","1989","125","658"
"Anjelicia","F","1989","1","826"
"Anjelika","F","1989","5","822"
"Anjelina","F","1989","4","823"
"Anjelique","F","1989","5","822"
"Anjoli","F","1989","3","824"
"Anju","F","1989","3","824"
"Anjuli","F","1989","13","814"
"Ankita","F","1989","3","824"
"Anmarie","F","1989","3","824"
"Ann","F","1989","200","239"
"Anna","F","1989","227","51"
"Annaalicia","F","1989","2","825"
"Annabel","F","1989","94","721"
"Annabell","F","1989","10","817"
"Annabella","F","1989","5","822"
"Annabelle","F","1989","80","742"
"Annabeth","F","1989","12","815"
"Annah","F","1989","29","798"
"Annais","F","1989","5","822"
"Annaka","F","1989","2","825"
"Annakaren","F","1989","1","826"
"Annalaura","F","1989","1","826"
"Annalea","F","1989","3","824"
"Annalee","F","1989","47","779"
"Annaleigh","F","1989","1","826"
"Annaleise","F","1989","1","826"
"Annali","F","1989","1","826"
"Annalicia","F","1989","18","809"
"Annalie","F","1989","1","826"
"Annaliese","F","1989","30","797"
"Annalisa","F","1989","95","720"
"Annalise","F","1989","64","758"
"Annaliza","F","1989","3","824"
"Annalyn","F","1989","6","821"
"Annalynn","F","1989","2","825"
"Annalyse","F","1989","7","820"
"Annamari","F","1989","2","825"
"Annamaria","F","1989","52","774"
"Annamarie","F","1989","122","664"
"Annarosa","F","1989","2","825"
"Annarose","F","1989","2","825"
"Annasophia","F","1989","2","825"
"Annastacia","F","1989","17","810"
"Annastasia","F","1989","45","782"
"Anndrea","F","1989","17","810"
"Anndria","F","1989","2","825"
"Anne","F","1989","213","150"
"Anneelise","F","1989","1","826"
"Anneka","F","1989","8","819"
"Anneke","F","1989","10","817"
"Annel","F","1989","14","813"
"Anneli","F","1989","1","826"
"Annelies","F","1989","4","823"
"Anneliese","F","1989","42","785"
"Annelisa","F","1989","3","824"
"Annelise","F","1989","67","755"
"Annemari","F","1989","10","817"
"Annemarie","F","1989","110","689"
"Annesha","F","1989","5","822"
"Annessa","F","1989","12","815"
"Annett","F","1989","2","825"
"Annetta","F","1989","7","820"
"Annette","F","1989","177","431"
"Anni","F","1989","2","825"
"Annica","F","1989","6","821"
"Annick","F","1989","1","826"
"Annie","F","1989","188","322"
"Annika","F","1989","97","716"
"Annis","F","1989","1","826"
"Annisa","F","1989","9","818"
"Annisha","F","1989","2","825"
"Annissa","F","1989","14","813"
"Annita","F","1989","4","823"
"Annmarie","F","1989","129","647"
"Anntoinette","F","1989","8","819"
"Anntonette","F","1989","4","823"
"Annum","F","1989","3","824"
"Anny","F","1989","32","795"
"Anquanette","F","1989","5","822"
"Anquette","F","1989","14","813"
"Anquinette","F","1989","8","819"
"Anqunette","F","1989","1","826"
"Ansleigh","F","1989","3","824"
"Ansley","F","1989","86","733"
"Antania","F","1989","1","826"
"Antanika","F","1989","2","825"
"Antanisha","F","1989","2","825"
"Antasia","F","1989","4","823"
"Anthea","F","1989","8","819"
"Anthonia","F","1989","4","823"
"Anthony","F","1989","103","707"
"Antia","F","1989","1","826"
"Antigone","F","1989","9","818"
"Antinette","F","1989","1","826"
"Antinisha","F","1989","1","826"
"Antionetta","F","1989","3","824"
"Antionette","F","1989","127","654"
"Antiqua","F","1989","3","824"
"Antisha","F","1989","3","824"
"Antoine","F","1989","6","821"
"Antoinet","F","1989","4","823"
"Antoinett","F","1989","1","826"
"Antoinetta","F","1989","5","822"
"Antoinette","F","1989","186","341"
"Antonella","F","1989","22","805"
"Antonette","F","1989","76","746"
"Antonia","F","1989","154","541"
"Antonieta","F","1989","1","826"
"Antonietta","F","1989","10","817"
"Antoniette","F","1989","8","819"
"Antonina","F","1989","24","803"
"Antonio","F","1989","38","789"
"Antonique","F","1989","4","823"
"Antonisha","F","1989","5","822"
"Antonya","F","1989","1","826"
"Antoria","F","1989","6","821"
"Antranette","F","1989","1","826"
"Antronette","F","1989","1","826"
"Antwanette","F","1989","20","807"
"Antwoinette","F","1989","1","826"
"Antwonette","F","1989","8","819"
"Anuja","F","1989","5","822"
"Anum","F","1989","21","806"
"Anushka","F","1989","13","814"
"Any","F","1989","5","822"
"Anya","F","1989","96","718"
"Anysha","F","1989","1","826"
"Anysia","F","1989","2","825"
"Anyssa","F","1989","5","822"
"Aoife","F","1989","3","824"
"Aparna","F","1989","7","820"
"Aphrodite","F","1989","4","823"
"Apiphany","F","1989","2","825"
"Apollonia","F","1989","10","817"
"Apolonia","F","1989","14","813"
"Appollonia","F","1989","2","825"
"Appolonia","F","1989","7","820"
"April","F","1989","225","66"
"Aprile","F","1989","4","823"
"Aprill","F","1989","5","822"
"Aprille","F","1989","12","815"
"Apryl","F","1989","58","766"
"Apryle","F","1989","1","826"
"Aqua","F","1989","4","823"
"Aqueelah","F","1989","4","823"
"Aquila","F","1989","13","814"
"Aquilah","F","1989","1","826"
"Aquilla","F","1989","10","817"
"Aquisha","F","1989","1","826"
"Ara","F","1989","20","807"
"Arabia","F","1989","1","826"
"Araceli","F","1989","169","475"
"Aracelia","F","1989","6","821"
"Aracelis","F","1989","8","819"
"Aracely","F","1989","115","675"
"Arah","F","1989","5","822"
"Aramis","F","1989","12","815"
"Aranda","F","1989","5","822"
"Araseli","F","1989","31","796"
"Arasely","F","1989","4","823"
"Arcadia","F","1989","9","818"
"Arcelia","F","1989","20","807"
"Archana","F","1989","13","814"
"Ardella","F","1989","4","823"
"Arden","F","1989","23","804"
"Ardiana","F","1989","1","826"
"Ardriana","F","1989","2","825"
"Areal","F","1989","8","819"
"Areana","F","1989","2","825"
"Areanna","F","1989","1","826"
"Areial","F","1989","7","820"
"Areil","F","1989","7","820"
"Areille","F","1989","2","825"
"Areli","F","1989","44","783"
"Arelis","F","1989","16","811"
"Areliz","F","1989","1","826"
"Arella","F","1989","1","826"
"Arelle","F","1989","3","824"
"Arely","F","1989","45","782"
"Arelys","F","1989","8","819"
"Aren","F","1989","4","823"
"Aretha","F","1989","19","808"
"Argelia","F","1989","12","815"
"Argentina","F","1989","1","826"
"Ari","F","1989","20","807"
"Aria","F","1989","68","754"
"Ariadna","F","1989","9","818"
"Ariadne","F","1989","11","816"
"Arial","F","1989","10","817"
"Ariale","F","1989","1","826"
"Arian","F","1989","22","805"
"Ariana","F","1989","196","268"
"Ariane","F","1989","93","722"
"Ariann","F","1989","10","817"
"Arianna","F","1989","178","423"
"Arianne","F","1989","96","718"
"Arica","F","1989","68","754"
"Ariceli","F","1989","3","824"
"Aricka","F","1989","12","815"
"Arie","F","1989","10","817"
"Arieal","F","1989","10","817"
"Ariel","F","1989","205","205"
"Ariela","F","1989","18","809"
"Ariele","F","1989","42","785"
"Ariell","F","1989","36","791"
"Ariella","F","1989","66","756"
"Arielle","F","1989","210","181"
"Arien","F","1989","7","820"
"Ariene","F","1989","2","825"
"Arienne","F","1989","12","815"
"Aries","F","1989","17","810"
"Arika","F","1989","55","769"
"Arin","F","1989","40","787"
"Arina","F","1989","3","824"
"Arion","F","1989","7","820"
"Arionna","F","1989","1","826"
"Aris","F","1989","17","810"
"Arisa","F","1989","8","819"
"Arisha","F","1989","4","823"
"Arissa","F","1989","9","818"
"Arkesha","F","1989","1","826"
"Arkia","F","1989","1","826"
"Arkita","F","1989","1","826"
"Arla","F","1989","1","826"
"Arlana","F","1989","8","819"
"Arlean","F","1989","1","826"
"Arleen","F","1989","25","802"
"Arlen","F","1989","9","818"
"Arlena","F","1989","14","813"
"Arlene","F","1989","158","518"
"Arlet","F","1989","3","824"
"Arleta","F","1989","2","825"
"Arlett","F","1989","1","826"
"Arlette","F","1989","32","795"
"Arlicia","F","1989","8","819"
"Arlin","F","1989","9","818"
"Arlina","F","1989","2","825"
"Arlinda","F","1989","8","819"
"Arline","F","1989","14","813"
"Arlisa","F","1989","3","824"
"Arlisha","F","1989","9","818"
"Arlyn","F","1989","19","808"
"Arlyne","F","1989","2","825"
"Arlynn","F","1989","2","825"
"Armanda","F","1989","15","812"
"Armando","F","1989","5","822"
"Armani","F","1989","9","818"
"Armida","F","1989","14","813"
"Arminda","F","1989","12","815"
"Armine","F","1989","1","826"
"Arnecia","F","1989","2","825"
"Arnesha","F","1989","9","818"
"Arneshia","F","1989","10","817"
"Arnesia","F","1989","2","825"
"Arnetta","F","1989","3","824"
"Arnisha","F","1989","14","813"
"Arnita","F","1989","7","820"
"Arnitra","F","1989","2","825"
"Aron","F","1989","9","818"
"Arriana","F","1989","8","819"
"Arrianna","F","1989","4","823"
"Arrie","F","1989","5","822"
"Arriel","F","1989","13","814"
"Arrielle","F","1989","17","810"
"Arrin","F","1989","2","825"
"Arrion","F","1989","1","826"
"Arron","F","1989","4","823"
"Arryn","F","1989","1","826"
"Arsenia","F","1989","1","826"
"Arsha","F","1989","1","826"
"Artavia","F","1989","19","808"
"Artemis","F","1989","2","825"
"Artesha","F","1989","8","819"
"Artesia","F","1989","9","818"
"Arthur","F","1989","4","823"
"Arti","F","1989","8","819"
"Artie","F","1989","1","826"
"Artina","F","1989","1","826"
"Artisha","F","1989","17","810"
"Arturo","F","1989","7","820"
"Arwa","F","1989","6","821"
"Arwen","F","1989","1","826"
"Aryana","F","1989","11","816"
"Aryanna","F","1989","5","822"
"Aryel","F","1989","3","824"
"Aryelle","F","1989","12","815"
"Aryn","F","1989","65","757"
"Arynn","F","1989","3","824"
"Aryssa","F","1989","1","826"
"Asa","F","1989","10","817"
"Asako","F","1989","3","824"
"Asami","F","1989","4","823"
"Aseel","F","1989","2","825"
"Asha","F","1989","140","596"
"Ashaley","F","1989","1","826"
"Ashanta","F","1989","19","808"
"Ashantae","F","1989","1","826"
"Ashante","F","1989","43","784"
"Ashanti","F","1989","132","627"
"Ashantia","F","1989","1","826"
"Ashaunte","F","1989","1","826"
"Ashaunti","F","1989","3","824"
"Ashayla","F","1989","2","825"
"Ashby","F","1989","8","819"
"Ashden","F","1989","1","826"
"Asheena","F","1989","3","824"
"Ashelee","F","1989","3","824"
"Asheley","F","1989","29","798"
"Ashely","F","1989","171","465"
"Asheton","F","1989","7","820"
"Ashey","F","1989","5","822"
"Ashia","F","1989","67","755"
"Ashlan","F","1989","21","806"
"Ashland","F","1989","12","815"
"Ashlay","F","1989","4","823"
"Ashle","F","1989","29","798"
"Ashlea","F","1989","118","669"
"Ashleah","F","1989","1","826"
"Ashlee","F","1989","214","142"
"Ashleen","F","1989","6","821"
"Ashleh","F","1989","2","825"
"Ashlei","F","1989","84","735"
"Ashleigh","F","1989","207","196"
"Ashlen","F","1989","29","798"
"Ashley","F","1989","236","2"
"Ashleyann","F","1989","14","813"
"Ashleyanne","F","1989","2","825"
"Ashleymae","F","1989","1","826"
"Ashleymarie","F","1989","21","806"
"Ashleynicole","F","1989","11","816"
"Ashleyrose","F","1989","2","825"
"Ashli","F","1989","161","506"
"Ashlie","F","1989","181","405"
"Ashliegh","F","1989","22","805"
"Ashlii","F","1989","2","825"
"Ashlin","F","1989","30","797"
"Ashling","F","1989","1","826"
"Ashlley","F","1989","2","825"
"Ashly","F","1989","176","439"
"Ashlye","F","1989","13","814"
"Ashlyn","F","1989","166","487"
"Ashlyne","F","1989","1","826"
"Ashlynn","F","1989","109","692"
"Ashlynne","F","1989","19","808"
"Ashna","F","1989","1","826"
"Ashney","F","1989","1","826"
"Ashonte","F","1989","4","823"
"Ashtan","F","1989","4","823"
"Ashten","F","1989","54","771"
"Ashtin","F","1989","52","774"
"Ashton","F","1989","198","253"
"Ashtyn","F","1989","50","776"
"Ashya","F","1989","1","826"
"Asia","F","1989","191","298"
"Asiah","F","1989","13","814"
"Asian","F","1989","1","826"
"Asja","F","1989","1","826"
"Asjah","F","1989","3","824"
"Asleigh","F","1989","3","824"
"Asley","F","1989","33","794"
"Asma","F","1989","23","804"
"Asmaa","F","1989","5","822"
"Aspasia","F","1989","1","826"
"Aspen","F","1989","54","771"
"Assata","F","1989","9","818"
"Asti","F","1989","2","825"
"Astin","F","1989","2","825"
"Aston","F","1989","3","824"
"Astra","F","1989","2","825"
"Astrid","F","1989","63","759"
"Asucena","F","1989","1","826"
"Asuka","F","1989","1","826"
"Asusena","F","1989","14","813"
"Asya","F","1989","35","792"
"Aszia","F","1989","3","824"
"Atalaya","F","1989","2","825"
"Atalia","F","1989","1","826"
"Atalie","F","1989","15","812"
"Atara","F","1989","18","809"
"Atarah","F","1989","1","826"
"Atasha","F","1989","7","820"
"Atavia","F","1989","7","820"
"Atenas","F","1989","5","822"
"Athanasia","F","1989","5","822"
"Athea","F","1989","5","822"
"Atheena","F","1989","4","823"
"Athena","F","1989","146","563"
"Athene","F","1989","1","826"
"Athenia","F","1989","1","826"
"Athina","F","1989","44","783"
"Atia","F","1989","4","823"
"Atina","F","1989","4","823"
"Atisha","F","1989","2","825"
"Atiya","F","1989","27","800"
"Atlanta","F","1989","2","825"
"Aubre","F","1989","9","818"
"Aubrea","F","1989","4","823"
"Aubree","F","1989","114","680"
"Aubrey","F","1989","190","306"
"Aubreyanna","F","1989","1","826"
"Aubri","F","1989","31","796"
"Aubriana","F","1989","9","818"
"Aubrianna","F","1989","13","814"
"Aubrie","F","1989","97","716"
"Aubry","F","1989","37","790"
"Auburn","F","1989","12","815"
"Audra","F","1989","165","490"
"Audranna","F","1989","1","826"
"Audre","F","1989","4","823"
"Audrea","F","1989","45","782"
"Audreana","F","1989","36","791"
"Audreanna","F","1989","71","751"
"Audreauna","F","1989","3","824"
"Audree","F","1989","7","820"
"Audrena","F","1989","3","824"
"Audreona","F","1989","1","826"
"Audrey","F","1989","211","166"
"Audreyana","F","1989","7","820"
"Audreyanna","F","1989","22","805"
"Audri","F","1989","7","820"
"Audria","F","1989","10","817"
"Audriana","F","1989","133","619"
"Audrianna","F","1989","142","581"
"Audrianne","F","1989","2","825"
"Audriauna","F","1989","4","823"
"Audrie","F","1989","28","799"
"Audrieanna","F","1989","11","816"
"Audrienna","F","1989","1","826"
"Audrina","F","1989","23","804"
"Audriona","F","1989","4","823"
"Audrionna","F","1989","10","817"
"Audris","F","1989","2","825"
"Audry","F","1989","26","801"
"Audryanna","F","1989","3","824"
"August","F","1989","25","802"
"Augusta","F","1989","34","793"
"Augustina","F","1989","12","815"
"Augustine","F","1989","2","825"
"Aula","F","1989","1","826"
"Auna","F","1989","5","822"
"Aundrea","F","1989","69","753"
"Aundria","F","1989","10","817"
"Aungelique","F","1989","1","826"
"Aunna","F","1989","7","820"
"Aunya","F","1989","2","825"
"Aura","F","1989","27","800"
"Aurea","F","1989","7","820"
"Aurelia","F","1989","44","783"
"Auren","F","1989","1","826"
"Auri","F","1989","2","825"
"Auria","F","1989","3","824"
"Auriana","F","1989","1","826"
"Aurie","F","1989","1","826"
"Auriel","F","1989","30","797"
"Aurielle","F","1989","46","781"
"Aurora","F","1989","145","567"
"Ausha","F","1989","19","808"
"Ausia","F","1989","1","826"
"Austen","F","1989","14","813"
"Austi","F","1989","1","826"
"Austin","F","1989","113","684"
"Austina","F","1989","1","826"
"Australia","F","1989","3","824"
"Austyn","F","1989","15","812"
"Autum","F","1989","48","778"
"Autumn","F","1989","208","184"
"Ava","F","1989","126","657"
"Avalon","F","1989","17","810"
"Avani","F","1989","2","825"
"Avante","F","1989","3","824"
"Avanti","F","1989","9","818"
"Ave","F","1989","3","824"
"Avelina","F","1989","2","825"
"Averi","F","1989","22","805"
"Averie","F","1989","4","823"
"Averil","F","1989","1","826"
"Averill","F","1989","2","825"
"Avery","F","1989","128","650"
"Averyl","F","1989","1","826"
"Avia","F","1989","17","810"
"Avian","F","1989","2","825"
"Aviana","F","1989","10","817"
"Aviance","F","1989","5","822"
"Avianna","F","1989","3","824"
"Avigail","F","1989","7","820"
"Avigayil","F","1989","3","824"
"Avion","F","1989","4","823"
"Avis","F","1989","23","804"
"Avital","F","1989","12","815"
"Aviva","F","1989","29","798"
"Avni","F","1989","5","822"
"Avril","F","1989","6","821"
"Avry","F","1989","1","826"
"Awilda","F","1989","7","820"
"Aya","F","1989","15","812"
"Ayah","F","1989","3","824"
"Ayaka","F","1989","8","819"
"Ayako","F","1989","1","826"
"Ayala","F","1989","9","818"
"Ayana","F","1989","112","685"
"Ayanna","F","1989","88","731"
"Ayasha","F","1989","2","825"
"Ayat","F","1989","5","822"
"Ayde","F","1989","4","823"
"Ayelet","F","1989","4","823"
"Ayesha","F","1989","92","724"
"Ayeshia","F","1989","2","825"
"Ayisha","F","1989","21","806"
"Ayla","F","1989","134","609"
"Ayleen","F","1989","3","824"
"Aylin","F","1989","8","819"
"Aylssa","F","1989","12","815"
"Aynsley","F","1989","1","826"
"Ayodele","F","1989","2","825"
"Ayonna","F","1989","2","825"
"Ayrica","F","1989","1","826"
"Ayrika","F","1989","1","826"
"Ayse","F","1989","3","824"
"Aysha","F","1989","49","777"
"Ayshia","F","1989","6","821"
"Aysia","F","1989","13","814"
"Ayssa","F","1989","4","823"
"Ayumi","F","1989","5","822"
"Ayushi","F","1989","4","823"
"Azadeh","F","1989","3","824"
"Azalea","F","1989","22","805"
"Azalia","F","1989","21","806"
"Azania","F","1989","1","826"
"Azaria","F","1989","26","801"
"Azeneth","F","1989","3","824"
"Azia","F","1989","19","808"
"Aziza","F","1989","35","792"
"Azizah","F","1989","3","824"
"Azmina","F","1989","1","826"
"Azsa","F","1989","1","826"
"Azucena","F","1989","53","773"
"Azurae","F","1989","1","826"
"Azure","F","1989","18","809"
"Azusa","F","1989","1","826"
"Azusena","F","1989","2","825"
"Azzie","F","1989","1","826"
"Babara","F","1989","1","826"
"Babette","F","1989","1","826"
"Babie","F","1989","1","826"
"Baby","F","1989","135","608"
"Babygirl","F","1989","63","759"
"Bahar","F","1989","7","820"
"Bahja","F","1989","5","822"
"Baila","F","1989","16","811"
"Bailea","F","1989","1","826"
"Bailee","F","1989","73","749"
"Baileigh","F","1989","7","820"
"Bailey","F","1989","199","250"
"Baili","F","1989","1","826"
"Bailie","F","1989","23","804"
"Baillie","F","1989","15","812"
"Baily","F","1989","15","812"
"Baleigh","F","1989","3","824"
"Baley","F","1989","3","824"
"Bambi","F","1989","27","800"
"Banesa","F","1989","15","812"
"Banessa","F","1989","3","824"
"Banita","F","1989","2","825"
"Bao","F","1989","29","798"
"Barbara","F","1989","209","182"
"Barbaraann","F","1989","2","825"
"Barbie","F","1989","24","803"
"Barbra","F","1989","34","793"
"Bari","F","1989","25","802"
"Barrett","F","1989","10","817"
"Barrie","F","1989","8","819"
"Barry","F","1989","1","826"
"Basia","F","1989","6","821"
"Basma","F","1989","2","825"
"Basya","F","1989","9","818"
"Bathsheba","F","1989","6","821"
"Batsheva","F","1989","13","814"
"Batya","F","1989","6","821"
"Bayan","F","1989","5","822"
"Baylee","F","1989","47","779"
"Bayleigh","F","1989","9","818"
"Bayley","F","1989","15","812"
"Bayli","F","1989","6","821"
"Baylie","F","1989","16","811"
"Beanca","F","1989","6","821"
"Beaney","F","1989","1","826"
"Beata","F","1989","5","822"
"Beatrice","F","1989","151","547"
"Beatris","F","1989","23","804"
"Beatrix","F","1989","1","826"
"Beatriz","F","1989","174","448"
"Beau","F","1989","4","823"
"Becca","F","1989","18","809"
"Becki","F","1989","5","822"
"Becky","F","1989","143","578"
"Bee","F","1989","5","822"
"Bela","F","1989","2","825"
"Belem","F","1989","5","822"
"Belen","F","1989","98","715"
"Belia","F","1989","1","826"
"Belicia","F","1989","4","823"
"Belinda","F","1989","172","464"
"Belkis","F","1989","15","812"
"Belky","F","1989","1","826"
"Belkys","F","1989","2","825"
"Bella","F","1989","13","814"
"Belle","F","1989","5","822"
"Belva","F","1989","2","825"
"Belynda","F","1989","8","819"
"Benetta","F","1989","1","826"
"Benicia","F","1989","2","825"
"Benita","F","1989","75","747"
"Benjamin","F","1989","50","776"
"Bennett","F","1989","4","823"
"Bennie","F","1989","3","824"
"Benny","F","1989","4","823"
"Bentley","F","1989","4","823"
"Beonca","F","1989","8","819"
"Beonka","F","1989","12","815"
"Berenice","F","1989","119","667"
"Berenis","F","1989","11","816"
"Berenise","F","1989","13","814"
"Bereniz","F","1989","2","825"
"Berit","F","1989","1","826"
"Berkeley","F","1989","7","820"
"Berkley","F","1989","8","819"
"Berlin","F","1989","10","817"
"Berlyn","F","1989","7","820"
"Bernadet","F","1989","5","822"
"Bernadette","F","1989","137","600"
"Bernadine","F","1989","9","818"
"Bernarda","F","1989","1","826"
"Bernetta","F","1989","2","825"
"Bernice","F","1989","111","687"
"Bernisha","F","1989","9","818"
"Bernita","F","1989","9","818"
"Beronica","F","1989","23","804"
"Berta","F","1989","20","807"
"Bertha","F","1989","122","664"
"Bertina","F","1989","5","822"
"Beryl","F","1989","10","817"
"Bess","F","1989","16","811"
"Bessie","F","1989","54","771"
"Bessy","F","1989","1","826"
"Beth","F","1989","185","347"
"Bethan","F","1989","2","825"
"Bethanee","F","1989","1","826"
"Bethaney","F","1989","13","814"
"Bethani","F","1989","18","809"
"Bethania","F","1989","1","826"
"Bethanie","F","1989","94","721"
"Bethann","F","1989","36","791"
"Bethanne","F","1989","11","816"
"Bethany","F","1989","221","102"
"Bethel","F","1989","9","818"
"Betheny","F","1989","7","820"
"Bethlehem","F","1989","4","823"
"Bethney","F","1989","4","823"
"Bethzaida","F","1989","1","826"
"Betina","F","1989","7","820"
"Betsabe","F","1989","10","817"
"Betsey","F","1989","6","821"
"Betsy","F","1989","150","549"
"Bette","F","1989","1","826"
"Bettie","F","1989","16","811"
"Bettina","F","1989","38","789"
"Betty","F","1989","168","478"
"Bettye","F","1989","1","826"
"Betzaida","F","1989","7","820"
"Betzy","F","1989","1","826"
"Beulah","F","1989","12","815"
"Beunca","F","1989","1","826"
"Beunka","F","1989","1","826"
"Beverley","F","1989","6","821"
"Beverly","F","1989","173","459"
"Beverlyann","F","1989","4","823"
"Bevin","F","1989","12","815"
"Beyanka","F","1989","1","826"
"Beyonka","F","1989","11","816"
"Bhumi","F","1989","2","825"
"Biana","F","1989","7","820"
"Bianca","F","1989","224","91"
"Biancha","F","1989","7","820"
"Biancia","F","1989","6","821"
"Bianco","F","1989","7","820"
"Bianey","F","1989","6","821"
"Bianica","F","1989","2","825"
"Bianka","F","1989","59","763"
"Bianna","F","1989","5","822"
"Biannca","F","1989","2","825"
"Bibi","F","1989","5","822"
"Bibiana","F","1989","10","817"
"Bich","F","1989","4","823"
"Bijal","F","1989","7","820"
"Billi","F","1989","13","814"
"Billie","F","1989","136","603"
"Billiejean","F","1989","2","825"
"Billiejo","F","1989","10","817"
"Billy","F","1989","21","806"
"Billye","F","1989","1","826"
"Bilma","F","1989","1","826"
"Bina","F","1989","2","825"
"Binca","F","1989","1","826"
"Bionca","F","1989","43","784"
"Bionka","F","1989","4","823"
"Biridiana","F","1989","12","815"
"Birttany","F","1989","6","821"
"Bisan","F","1989","1","826"
"Bita","F","1989","3","824"
"Booree","F","1989","106","700"
