"Aakash","M","1989","12","153"
"Aakeem","M","1989","1","164"
"Aamir","M","1989","12","153"
"Aaran","M","1989","2","163"
"Aaren","M","1989","7","158"
"Aaric","M","1989","1","164"
"Aarin","M","1989","3","162"
"Aarion","M","1989","9","156"
"Aaron","M","1989","160","5"
"Aaronmichael","M","1989","1","164"
"Aaronn","M","1989","1","164"
"Aarron","M","1989","40","125"
"Aaryn","M","1989","3","162"
"Abayomi","M","1989","2","163"
"Abbas","M","1989","7","158"
"Abby","M","1989","3","162"
"Abdallah","M","1989","5","160"
"Abdel","M","1989","4","161"
"Abdias","M","1989","4","161"
"Abdiel","M","1989","22","143"
"Abdon","M","1989","7","158"
"Abdul","M","1989","69","96"
"Abdulaziz","M","1989","7","158"
"Abdulla","M","1989","7","158"
"Abdullah","M","1989","53","112"
"Abdulrahman","M","1989","14","151"
"Abdurrahman","M","1989","1","164"
"Abe","M","1989","19","146"
"Abed","M","1989","4","161"
"Abel","M","1989","128","37"
"Abelardo","M","1989","55","110"
"Abelino","M","1989","11","154"
"Abhishek","M","1989","10","155"
"Abid","M","1989","4","161"
"Abiel","M","1989","5","160"
"Abigail","M","1989","18","147"
"Abijah","M","1989","1","164"
"Abimael","M","1989","9","156"
"Abisai","M","1989","10","155"
"Able","M","1989","11","154"
"Abner","M","1989","49","116"
"Abraham","M","1989","143","22"
"Abrahan","M","1989","17","148"
"Abrahim","M","1989","5","160"
"Abrahm","M","1989","5","160"
"Abram","M","1989","82","83"
"Abran","M","1989","18","147"
"Abrham","M","1989","2","163"
"Abrian","M","1989","4","161"
"Abriel","M","1989","4","161"
"Absalom","M","1989","2","163"
"Abu","M","1989","4","161"
"Ace","M","1989","27","138"
"Achary","M","1989","1","164"
"Achilles","M","1989","2","163"
"Acie","M","1989","3","162"
"Ackeem","M","1989","2","163"
"Adair","M","1989","8","157"
"Adalberto","M","1989","62","103"
"Adam","M","1989","162","3"
"Adama","M","1989","3","162"
"Adams","M","1989","28","137"
"Adan","M","1989","113","52"
"Adante","M","1989","2","163"
"Adarius","M","1989","13","152"
"Addam","M","1989","17","148"
"Addison","M","1989","105","60"
"Ade","M","1989","3","162"
"Adeel","M","1989","4","161"
"Adel","M","1989","16","149"
"Adelbert","M","1989","2","163"
"Adelfo","M","1989","1","164"
"Adem","M","1989","9","156"
"Aden","M","1989","12","153"
"Adetokunbo","M","1989","1","164"
"Adetola","M","1989","1","164"
"Adewale","M","1989","2","163"
"Adeyemi","M","1989","1","164"
"Adham","M","1989","12","153"
"Adi","M","1989","4","161"
"Adib","M","1989","1","164"
"Adidas","M","1989","1","164"
"Adiel","M","1989","5","160"
"Adil","M","1989","17","148"
"Adin","M","1989","3","162"
"Adison","M","1989","3","162"
"Adit","M","1989","1","164"
"Aditya","M","1989","20","145"
"Adlai","M","1989","5","160"
"Adler","M","1989","1","164"
"Adley","M","1989","2","163"
"Adnan","M","1989","32","133"
"Adnrew","M","1989","4","161"
"Adolfo","M","1989","101","64"
"Adolph","M","1989","22","143"
"Adolpho","M","1989","1","164"
"Adolphus","M","1989","17","148"
"Adom","M","1989","1","164"
"Adonay","M","1989","1","164"
"Adonis","M","1989","44","121"
"Adonnis","M","1989","3","162"
"Adonte","M","1989","3","162"
"Adonus","M","1989","1","164"
"Adrain","M","1989","75","90"
"Adrean","M","1989","12","153"
"Adrian","M","1989","155","10"
"Adriana","M","1989","27","138"
"Adriane","M","1989","9","156"
"Adrianna","M","1989","2","163"
"Adrianne","M","1989","2","163"
"Adriano","M","1989","21","144"
"Adric","M","1989","4","161"
"Adriel","M","1989","49","116"
"Adrien","M","1989","71","94"
"Adrienne","M","1989","16","149"
"Adrin","M","1989","4","161"
"Adrion","M","1989","10","155"
"Adron","M","1989","4","161"
"Adryan","M","1989","7","158"
"Aeron","M","1989","8","157"
"Afsheen","M","1989","1","164"
"Agapito","M","1989","5","160"
"Agron","M","1989","6","159"
"Agustin","M","1989","107","58"
"Agustine","M","1989","1","164"
"Agustus","M","1989","2","163"
"Ahamed","M","1989","1","164"
"Aharon","M","1989","34","131"
"Ahkeem","M","1989","20","145"
"Ahmaad","M","1989","1","164"
"Ahmad","M","1989","115","50"
"Ahmar","M","1989","1","164"
"Ahmed","M","1989","98","67"
"Ahmet","M","1989","4","161"
"Ahren","M","1989","13","152"
"Ahron","M","1989","8","157"
"Ahsan","M","1989","6","159"
"Aidan","M","1989","64","101"
"Aiden","M","1989","10","155"
"Aikeem","M","1989","6","159"
"Aiman","M","1989","2","163"
"Ainsley","M","1989","2","163"
"Airik","M","1989","1","164"
"Aj","M","1989","26","139"
"Aja","M","1989","1","164"
"Ajani","M","1989","7","158"
"Ajay","M","1989","40","125"
"Akash","M","1989","22","143"
"Akbar","M","1989","6","159"
"Akeem","M","1989","124","41"
"Akeen","M","1989","9","156"
"Akeim","M","1989","4","161"
"Akheem","M","1989","4","161"
"Akhil","M","1989","10","155"
"Aki","M","1989","2","163"
"Akia","M","1989","1","164"
"Akiem","M","1989","2","163"
"Akil","M","1989","17","148"
"Akili","M","1989","2","163"
"Akim","M","1989","5","160"
"Akin","M","1989","2","163"
"Akio","M","1989","1","164"
"Akira","M","1989","24","141"
"Akiva","M","1989","17","148"
"Akram","M","1989","6","159"
"Aksel","M","1989","6","159"
"Akshar","M","1989","2","163"
"Akshay","M","1989","1","164"
"Al","M","1989","70","95"
"Ala","M","1989","4","161"
"Alaa","M","1989","11","154"
"Alain","M","1989","63","102"
"Alaina","M","1989","2","163"
"Alan","M","1989","154","11"
"Alana","M","1989","2","163"
"Alandis","M","1989","1","164"
"Alando","M","1989","2","163"
"Alanmichael","M","1989","12","153"
"Alanna","M","1989","3","162"
"Alante","M","1989","9","156"
"Alanzo","M","1989","2","163"
"Alaric","M","1989","14","151"
"Alasdair","M","1989","1","164"
"Alastair","M","1989","14","151"
"Alax","M","1989","4","161"
"Alaxander","M","1989","1","164"
"Alban","M","1989","5","160"
"Albaro","M","1989","15","150"
"Alben","M","1989","1","164"
"Albert","M","1989","149","16"
"Alberto","M","1989","145","20"
"Albin","M","1989","7","158"
"Albino","M","1989","6","159"
"Alcario","M","1989","1","164"
"Alcides","M","1989","7","158"
"Aldair","M","1989","1","164"
"Alden","M","1989","68","97"
"Aldo","M","1989","101","64"
"Aldon","M","1989","8","157"
"Aldric","M","1989","2","163"
"Aldrick","M","1989","3","162"
"Aldrin","M","1989","4","161"
"Alec","M","1989","132","33"
"Aleck","M","1989","2","163"
"Aleczander","M","1989","5","160"
"Alee","M","1989","4","161"
"Aleem","M","1989","5","160"
"Alegandro","M","1989","6","159"
"Alejandr","M","1989","4","161"
"Alejandra","M","1989","14","151"
"Alejandro","M","1989","150","15"
"Alejo","M","1989","8","157"
"Alek","M","1989","50","115"
"Aleksandar","M","1989","11","154"
"Aleksander","M","1989","22","143"
"Aleksandr","M","1989","8","157"
"Alen","M","1989","16","149"
"Alesandro","M","1989","1","164"
"Alesha","M","1989","2","163"
"Alessand","M","1989","1","164"
"Alessandro","M","1989","66","99"
"Alessio","M","1989","4","161"
"Alex","M","1989","157","8"
"Alexa","M","1989","1","164"
"Alexandar","M","1989","9","156"
"Alexande","M","1989","114","51"
"Alexander","M","1989","159","6"
"Alexandr","M","1989","11","154"
"Alexandra","M","1989","73","92"
"Alexandre","M","1989","73","92"
"Alexandria","M","1989","22","143"
"Alexandro","M","1989","76","89"
"Alexandros","M","1989","25","140"
"Alexandru","M","1989","1","164"
"Alexavier","M","1989","1","164"
"Alexei","M","1989","4","161"
"Alexi","M","1989","18","147"
"Alexie","M","1989","1","164"
"Alexis","M","1989","129","36"
"Alexsander","M","1989","9","156"
"Alexx","M","1989","9","156"
"Alexzander","M","1989","19","146"
"Alez","M","1989","3","162"
"Alferdo","M","1989","1","164"
"Alfie","M","1989","1","164"
"Alfonso","M","1989","126","39"
"Alfonza","M","1989","10","155"
"Alfonzo","M","1989","63","102"
"Alford","M","1989","5","160"
"Alfred","M","1989","133","32"
"Alfredo","M","1989","142","23"
"Algernon","M","1989","14","151"
"Algie","M","1989","2","163"
"Alhassan","M","1989","3","162"
"Ali","M","1989","120","45"
"Alias","M","1989","3","162"
"Alice","M","1989","10","155"
"Alicia","M","1989","33","132"
"Alijah","M","1989","2","163"
"Alika","M","1989","6","159"
"Alim","M","1989","5","160"
"Alireza","M","1989","3","162"
"Alisha","M","1989","16","149"
"Alison","M","1989","23","142"
"Alissa","M","1989","2","163"
"Alistair","M","1989","12","153"
"Alister","M","1989","3","162"
"Alix","M","1989","18","147"
"Allah","M","1989","1","164"
"Allan","M","1989","131","34"
"Allanmichael","M","1989","2","163"
"Allante","M","1989","26","139"
"Allen","M","1989","153","12"
"Allenmichael","M","1989","6","159"
"Allex","M","1989","1","164"
"Allexander","M","1989","1","164"
"Allison","M","1989","27","138"
"Allister","M","1989","11","154"
"Allyn","M","1989","17","148"
"Alma","M","1989","20","145"
"Almando","M","1989","3","162"
"Almon","M","1989","4","161"
"Alok","M","1989","4","161"
"Alon","M","1989","18","147"
"Alonso","M","1989","81","84"
"Alonte","M","1989","12","153"
"Alonza","M","1989","13","152"
"Alonzo","M","1989","122","43"
"Aloysius","M","1989","11","154"
"Alpha","M","1989","8","157"
"Alphonse","M","1989","20","145"
"Alphonso","M","1989","90","75"
"Alphonzo","M","1989","12","153"
"Alquan","M","1989","2","163"
"Alric","M","1989","3","162"
"Alrick","M","1989","1","164"
"Alston","M","1989","20","145"
"Alton","M","1989","99","66"
"Altonio","M","1989","2","163"
"Alva","M","1989","12","153"
"Alvan","M","1989","4","161"
"Alvarez","M","1989","2","163"
"Alvaro","M","1989","116","49"
"Alverto","M","1989","3","162"
"Alvie","M","1989","5","160"
"Alvin","M","1989","139","26"
"Alvino","M","1989","10","155"
"Alvis","M","1989","12","153"
"Alvon","M","1989","3","162"
"Alwyn","M","1989","4","161"
"Aly","M","1989","4","161"
"Alyn","M","1989","3","162"
"Alyssa","M","1989","26","139"
"Alyx","M","1989","1","164"
"Amad","M","1989","9","156"
"Amadeo","M","1989","16","149"
"Amadeus","M","1989","6","159"
"Amado","M","1989","32","133"
"Amador","M","1989","29","136"
"Amal","M","1989","5","160"
"Amalio","M","1989","1","164"
"Aman","M","1989","10","155"
"Amanda","M","1989","85","80"
"Amandeep","M","1989","2","163"
"Amando","M","1989","10","155"
"Amani","M","1989","4","161"
"Amar","M","1989","33","132"
"Amari","M","1989","3","162"
"Amario","M","1989","6","159"
"Amauris","M","1989","3","162"
"Amaury","M","1989","13","152"
"Amber","M","1989","54","111"
"Ambrose","M","1989","30","135"
"Ambrosio","M","1989","2","163"
"Amdrew","M","1989","7","158"
"Ameen","M","1989","10","155"
"Ameer","M","1989","40","125"
"Amelia","M","1989","4","161"
"Amelio","M","1989","5","160"
"Amer","M","1989","18","147"
"Americo","M","1989","10","155"
"Amery","M","1989","1","164"
"Ames","M","1989","12","153"
"Amiel","M","1989","4","161"
"Amil","M","1989","4","161"
"Amilcar","M","1989","18","147"
"Amilio","M","1989","2","163"
"Amin","M","1989","42","123"
"Amine","M","1989","1","164"
"Amir","M","1989","108","57"
"Amiri","M","1989","1","164"
"Amish","M","1989","1","164"
"Amit","M","1989","56","109"
"Amjad","M","1989","5","160"
"Ammar","M","1989","31","134"
"Ammon","M","1989","41","124"
"Amol","M","1989","1","164"
"Amon","M","1989","16","149"
"Amond","M","1989","1","164"
"Amos","M","1989","94","71"
"Amr","M","1989","1","164"
"Amrit","M","1989","6","159"
"Amro","M","1989","1","164"
"Amuel","M","1989","1","164"
"Amy","M","1989","23","142"
"An","M","1989","17","148"
"Ana","M","1989","25","140"
"Anabel","M","1989","6","159"
"Anand","M","1989","29","136"
"Ananias","M","1989","3","162"
"Anas","M","1989","17","148"
"Anastacio","M","1989","24","141"
"Anastasia","M","1989","2","163"
"Anastasios","M","1989","11","154"
"Anders","M","1989","58","107"
"Anderson","M","1989","78","87"
"Anderw","M","1989","1","164"
"Andon","M","1989","2","163"
"Andra","M","1989","34","131"
"Andrade","M","1989","1","164"
"Andrae","M","1989","33","132"
"Andray","M","1989","3","162"
"Andre","M","1989","152","13"
"Andrea","M","1989","84","81"
"Andreas","M","1989","86","79"
"Andree","M","1989","10","155"
"Andrei","M","1989","27","138"
"Andreina","M","1989","2","163"
"Andrell","M","1989","5","160"
"Andren","M","1989","1","164"
"Andres","M","1989","146","19"
"Andreu","M","1989","4","161"
"Andreus","M","1989","5","160"
"Andrew","M","1989","164","1"
"Andrewjames","M","1989","1","164"
"Andrews","M","1989","18","147"
"Andrey","M","1989","6","159"
"Andrez","M","1989","11","154"
"Andrian","M","1989","7","158"
"Andrius","M","1989","1","164"
"Andron","M","1989","1","164"
"Andru","M","1989","9","156"
"Andrue","M","1989","8","157"
"Andrw","M","1989","3","162"
"Andry","M","1989","2","163"
"Andrzej","M","1989","7","158"
"Andy","M","1989","141","24"
"Aneesh","M","1989","6","159"
"Anel","M","1989","2","163"
"Angad","M","1989","3","162"
"Angel","M","1989","151","14"
"Angela","M","1989","48","117"
"Angelica","M","1989","22","143"
"Angelina","M","1989","5","160"
"Angelino","M","1989","4","161"
"Angelito","M","1989","1","164"
"Angello","M","1989","2","163"
"Angelo","M","1989","137","28"
"Angie","M","1989","3","162"
"Angle","M","1989","2","163"
"Angus","M","1989","41","124"
"Anh","M","1989","21","144"
"Anhtuan","M","1989","1","164"
"Anibal","M","1989","58","107"
"Aniel","M","1989","10","155"
"Anil","M","1989","40","125"
"Anish","M","1989","23","142"
"Anita","M","1989","5","160"
"Anival","M","1989","7","158"
"Anjel","M","1989","6","159"
"Ankit","M","1989","25","140"
"Ankur","M","1989","20","145"
"Ankush","M","1989","2","163"
"Ann","M","1989","4","161"
"Anna","M","1989","52","113"
"Anne","M","1989","15","150"
"Annie","M","1989","1","164"
"Anothony","M","1989","5","160"
"Anquan","M","1989","2","163"
"Anrew","M","1989","1","164"
"Ansel","M","1989","19","146"
"Anselmo","M","1989","25","140"
"Anshul","M","1989","2","163"
"Ansley","M","1989","4","161"
"Anson","M","1989","43","122"
"Antaeus","M","1989","2","163"
"Antajuan","M","1989","1","164"
"Antar","M","1989","1","164"
"Antawan","M","1989","1","164"
"Antawn","M","1989","13","152"
"Ante","M","1989","4","161"
"Anterio","M","1989","3","162"
"Anterrio","M","1989","2","163"
"Anthon","M","1989","4","161"
"Anthone","M","1989","1","164"
"Anthoney","M","1989","42","123"
"Anthoni","M","1989","16","149"
"Anthonie","M","1989","16","149"
"Anthonio","M","1989","4","161"
"Anthony","M","1989","163","2"
"Anthonymichael","M","1989","1","164"
"Antinio","M","1989","4","161"
"Antino","M","1989","2","163"
"Antion","M","1989","2","163"
"Antione","M","1989","88","77"
"Antionio","M","1989","4","161"
"Antionne","M","1989","4","161"
"Antiono","M","1989","3","162"
"Antjuan","M","1989","26","139"
"Antohny","M","1989","2","163"
"Antoin","M","1989","13","152"
"Antoine","M","1989","138","27"
"Antoinette","M","1989","4","161"
"Antoinio","M","1989","2","163"
"Antoinne","M","1989","11","154"
"Antoino","M","1989","10","155"
"Antolin","M","1989","1","164"
"Anton","M","1989","104","61"
"Antone","M","1989","31","134"
"Antoni","M","1989","15","150"
"Antonia","M","1989","32","133"
"Antonie","M","1989","20","145"
"Antonieo","M","1989","1","164"
"Antonino","M","1989","26","139"
"Antonio","M","1989","156","9"
"Antoniodejesus","M","1989","2","163"
"Antonion","M","1989","2","163"
"Antonios","M","1989","8","157"
"Antonious","M","1989","2","163"
"Antonis","M","1989","1","164"
"Antonius","M","1989","9","156"
"Antony","M","1989","87","78"
"Antonyo","M","1989","8","157"
"Antowan","M","1989","4","161"
"Antron","M","1989","29","136"
"Antrone","M","1989","1","164"
"Antuan","M","1989","39","126"
"Antuane","M","1989","3","162"
"Antwain","M","1989","63","102"
"Antwaine","M","1989","9","156"
"Antwan","M","1989","117","48"
"Antwane","M","1989","29","136"
"Antwann","M","1989","18","147"
"Antwaun","M","1989","40","125"
"Antwaune","M","1989","2","163"
"Antwian","M","1989","2","163"
"Antwine","M","1989","14","151"
"Antwion","M","1989","4","161"
"Antwoin","M","1989","6","159"
"Antwoine","M","1989","19","146"
"Antwon","M","1989","102","63"
"Antwone","M","1989","36","129"
"Antwuan","M","1989","19","146"
"Anuj","M","1989","12","153"
"Anup","M","1989","2","163"
"Anwar","M","1989","40","125"
"Apolinar","M","1989","12","153"
"Apollo","M","1989","11","154"
"Apolonio","M","1989","15","150"
"Apostolos","M","1989","5","160"
"April","M","1989","22","143"
"Aquil","M","1989","2","163"
"Aquiles","M","1989","9","156"
"Ara","M","1989","17","148"
"Araceli","M","1989","6","159"
"Arafat","M","1989","1","164"
"Aram","M","1989","28","137"
"Aramis","M","1989","49","116"
"Aran","M","1989","5","160"
"Arash","M","1989","29","136"
"Araz","M","1989","1","164"
"Arben","M","1989","4","161"
"Arcadio","M","1989","5","160"
"Arcenio","M","1989","9","156"
"Archer","M","1989","2","163"
"Archibald","M","1989","4","161"
"Archie","M","1989","76","89"
"Ardell","M","1989","6","159"
"Arden","M","1989","15","150"
"Ardis","M","1989","7","158"
"Arek","M","1989","4","161"
"Areli","M","1989","3","162"
"Aren","M","1989","17","148"
"Arend","M","1989","3","162"
"Aresenio","M","1989","4","161"
"Argenis","M","1989","11","154"
"Ari","M","1989","80","85"
"Aria","M","1989","15","150"
"Arian","M","1989","32","133"
"Ariana","M","1989","14","151"
"Aric","M","1989","92","73"
"Arick","M","1989","20","145"
"Arie","M","1989","15","150"
"Ariel","M","1989","119","46"
"Arielle","M","1989","17","148"
"Aries","M","1989","12","153"
"Arif","M","1989","10","155"
"Arik","M","1989","39","126"
"Arin","M","1989","33","132"
"Arion","M","1989","13","152"
"Aris","M","1989","30","135"
"Aristeo","M","1989","4","161"
"Aristides","M","1989","6","159"
"Aristidis","M","1989","1","164"
"Aristotelis","M","1989","1","164"
"Aristotle","M","1989","5","160"
"Arius","M","1989","2","163"
"Arjun","M","1989","42","123"
"Arkeem","M","1989","23","142"
"Arkeen","M","1989","6","159"
"Arlan","M","1989","7","158"
"Arland","M","1989","7","158"
"Arlando","M","1989","7","158"
"Arlen","M","1989","33","132"
"Arlene","M","1989","3","162"
"Arley","M","1989","25","140"
"Arlie","M","1989","5","160"
"Arlin","M","1989","19","146"
"Arlington","M","1989","3","162"
"Arlis","M","1989","2","163"
"Arlo","M","1989","22","143"
"Arlon","M","1989","4","161"
"Arlyn","M","1989","1","164"
"Arman","M","1989","35","130"
"Armand","M","1989","77","88"
"Armando","M","1989","144","21"
"Armani","M","1989","33","132"
"Armen","M","1989","38","127"
"Armin","M","1989","10","155"
"Armon","M","1989","27","138"
"Armond","M","1989","39","126"
"Armondo","M","1989","24","141"
"Arnaldo","M","1989","67","98"
"Arne","M","1989","3","162"
"Arnel","M","1989","6","159"
"Arnell","M","1989","14","151"
"Arnett","M","1989","2","163"
"Arnez","M","1989","4","161"
"Arnie","M","1989","3","162"
"Arno","M","1989","4","161"
"Arnold","M","1989","111","54"
"Arnoldo","M","1989","60","105"
"Arnolfo","M","1989","1","164"
"Arnulfo","M","1989","72","93"
"Aron","M","1989","112","53"
"Arren","M","1989","6","159"
"Arrick","M","1989","5","160"
"Arrington","M","1989","6","159"
"Arrion","M","1989","2","163"
"Arron","M","1989","110","55"
"Arsalan","M","1989","3","162"
"Arsenial","M","1989","2","163"
"Arsenio","M","1989","121","44"
"Arseno","M","1989","1","164"
"Art","M","1989","29","136"
"Artavious","M","1989","7","158"
"Artavius","M","1989","7","158"
"Artemio","M","1989","34","131"
"Artemis","M","1989","2","163"
"Artemus","M","1989","5","160"
"Artez","M","1989","8","157"
"Arther","M","1989","5","160"
"Arthur","M","1989","148","17"
"Artie","M","1989","25","140"
"Artin","M","1989","9","156"
"Artis","M","1989","47","118"
"Artrell","M","1989","6","159"
"Artur","M","1989","7","158"
"Arturo","M","1989","140","25"
"Arun","M","1989","25","140"
"Arvell","M","1989","2","163"
"Arvil","M","1989","2","163"
"Arvin","M","1989","30","135"
"Arvind","M","1989","2","163"
"Arya","M","1989","26","139"
"Aryan","M","1989","13","152"
"Aryeh","M","1989","31","134"
"Aryn","M","1989","1","164"
"Asa","M","1989","96","69"
"Asaad","M","1989","2","163"
"Asad","M","1989","22","143"
"Asael","M","1989","3","162"
"Asaf","M","1989","1","164"
"Asante","M","1989","4","161"
"Ascencion","M","1989","2","163"
"Asha","M","1989","5","160"
"Ashante","M","1989","3","162"
"Ashanti","M","1989","18","147"
"Ashby","M","1989","6","159"
"Asher","M","1989","61","104"
"Ashford","M","1989","10","155"
"Ashish","M","1989","11","154"
"Ashkan","M","1989","8","157"
"Ashkon","M","1989","2","163"
"Ashland","M","1989","1","164"
"Ashlee","M","1989","5","160"
"Ashleigh","M","1989","17","148"
"Ashley","M","1989","118","47"
"Ashlin","M","1989","1","164"
"Ashly","M","1989","2","163"
"Ashneel","M","1989","2","163"
"Ashraf","M","1989","17","148"
"Ashten","M","1989","3","162"
"Ashtin","M","1989","8","157"
"Ashton","M","1989","127","38"
"Ashur","M","1989","4","161"
"Ashwin","M","1989","19","146"
"Asia","M","1989","14","151"
"Asiel","M","1989","1","164"
"Asif","M","1989","14","151"
"Asim","M","1989","12","153"
"Ason","M","1989","3","162"
"Assad","M","1989","3","162"
"Astin","M","1989","6","159"
"Aston","M","1989","22","143"
"Aswad","M","1989","4","161"
"Atanacio","M","1989","3","162"
"Athan","M","1989","7","158"
"Athanasios","M","1989","13","152"
"Athony","M","1989","11","154"
"Atiba","M","1989","5","160"
"Atif","M","1989","4","161"
"Atlas","M","1989","3","162"
"Atlee","M","1989","6","159"
"Atom","M","1989","8","157"
"Atthew","M","1989","5","160"
"Atticus","M","1989","9","156"
"Attila","M","1989","3","162"
"Aubrey","M","1989","97","68"
"Aubry","M","1989","3","162"
"Auburn","M","1989","1","164"
"Audel","M","1989","1","164"
"Audi","M","1989","2","163"
"Audie","M","1989","23","142"
"Audley","M","1989","5","160"
"Audon","M","1989","2","163"
"Audrey","M","1989","13","152"
"Audric","M","1989","2","163"
"Audwin","M","1989","4","161"
"August","M","1989","91","74"
"Augusta","M","1989","1","164"
"Augustin","M","1989","45","120"
"Augustine","M","1989","68","97"
"Augustino","M","1989","2","163"
"Augusto","M","1989","22","143"
"Augustus","M","1989","66","99"
"Aundra","M","1989","7","158"
"Aundray","M","1989","1","164"
"Aundre","M","1989","19","146"
"Aundrey","M","1989","2","163"
"Aureliano","M","1989","5","160"
"Aurelio","M","1989","57","108"
"Aurelius","M","1989","5","160"
"Aureo","M","1989","1","164"
"Aurther","M","1989","1","164"
"Aurthur","M","1989","1","164"
"Austen","M","1989","93","72"
"Austin","M","1989","158","7"
"Austine","M","1989","2","163"
"Auston","M","1989","48","117"
"Austyn","M","1989","12","153"
"Auther","M","1989","1","164"
"Authur","M","1989","4","161"
"Autry","M","1989","3","162"
"Autumn","M","1989","1","164"
"Avante","M","1989","2","163"
"Avedis","M","1989","4","161"
"Avel","M","1989","3","162"
"Avelino","M","1989","2","163"
"Aven","M","1989","2","163"
"Averill","M","1989","1","164"
"Avery","M","1989","125","40"
"Avi","M","1989","36","129"
"Avian","M","1989","6","159"
"Avid","M","1989","7","158"
"Aviel","M","1989","3","162"
"Avin","M","1989","2","163"
"Avinash","M","1989","17","148"
"Avion","M","1989","5","160"
"Avis","M","1989","6","159"
"Aviv","M","1989","5","160"
"Avon","M","1989","6","159"
"Avraham","M","1989","48","117"
"Avram","M","1989","6","159"
"Avrohom","M","1989","27","138"
"Axel","M","1989","79","86"
"Axl","M","1989","17","148"
"Axle","M","1989","8","157"
"Ayal","M","1989","4","161"
"Ayana","M","1989","1","164"
"Ayman","M","1989","12","153"
"Aymen","M","1989","3","162"
"Ayodeji","M","1989","4","161"
"Ayodele","M","1989","2","163"
"Ayron","M","1989","4","161"
"Ayrton","M","1989","2","163"
"Azael","M","1989","2","163"
"Azhar","M","1989","1","164"
"Azim","M","1989","3","162"
"Aziz","M","1989","15","150"
"Babak","M","1989","9","156"
"Babatunde","M","1989","9","156"
"Baby","M","1989","109","56"
"Babyboy","M","1989","60","105"
"Bacilio","M","1989","4","161"
"Bailey","M","1989","66","99"
"Bakari","M","1989","22","143"
"Baker","M","1989","8","157"
"Baldemar","M","1989","36","129"
"Baldomero","M","1989","5","160"
"Baldwin","M","1989","4","161"
"Baltazar","M","1989","36","129"
"Banjamin","M","1989","15","150"
"Bao","M","1989","18","147"
"Barak","M","1989","16","149"
"Barbara","M","1989","6","159"
"Barclay","M","1989","3","162"
"Barett","M","1989","1","164"
"Bari","M","1989","1","164"
"Barnabas","M","1989","4","161"
"Barnaby","M","1989","3","162"
"Barnard","M","1989","1","164"
"Barnett","M","1989","1","164"
"Barney","M","1989","19","146"
"Baron","M","1989","59","106"
"Barret","M","1989","21","144"
"Barrett","M","1989","100","65"
"Barrie","M","1989","6","159"
"Barrington","M","1989","27","138"
"Barron","M","1989","37","128"
"Barry","M","1989","135","30"
"Bart","M","1989","52","113"
"Bartholomew","M","1989","43","122"
"Bartley","M","1989","8","157"
"Bartolo","M","1989","2","163"
"Barton","M","1989","51","114"
"Baruch","M","1989","19","146"
"Basel","M","1989","3","162"
"Basem","M","1989","2","163"
"Bashar","M","1989","4","161"
"Bashawn","M","1989","4","161"
"Bashir","M","1989","8","157"
"Basil","M","1989","43","122"
"Basilio","M","1989","15","150"
"Basim","M","1989","1","164"
"Basir","M","1989","1","164"
"Bassam","M","1989","3","162"
"Baudelio","M","1989","2","163"
"Baxter","M","1989","33","132"
"Bayan","M","1989","1","164"
"Bayard","M","1989","1","164"
"Bayardo","M","1989","5","160"
"Baylen","M","1989","6","159"
"Bayley","M","1989","1","164"
"Baylor","M","1989","3","162"
"Bayron","M","1989","1","164"
"Beatrice","M","1989","4","161"
"Beau","M","1989","130","35"
"Beaux","M","1989","2","163"
"Beck","M","1989","4","161"
"Becker","M","1989","2","163"
"Bee","M","1989","24","141"
"Behnam","M","1989","2","163"
"Bejamin","M","1989","12","153"
"Bejan","M","1989","2","163"
"Bela","M","1989","1","164"
"Belal","M","1989","12","153"
"Belton","M","1989","1","164"
"Ben","M","1989","123","42"
"Benaiah","M","1989","6","159"
"Benajmin","M","1989","1","164"
"Benard","M","1989","9","156"
"Benedetto","M","1989","1","164"
"Benedict","M","1989","48","117"
"Benedicto","M","1989","1","164"
"Benigno","M","1989","13","152"
"Benito","M","1989","89","76"
"Benjaman","M","1989","20","145"
"Benjamen","M","1989","66","99"
"Benjamin","M","1989","161","4"
"Benjamine","M","1989","20","145"
"Benjamyn","M","1989","1","164"
"Benjerman","M","1989","6","159"
"Benjermin","M","1989","1","164"
"Benji","M","1989","2","163"
"Benjie","M","1989","4","161"
"Benjiman","M","1989","38","127"
"Benjimen","M","1989","2","163"
"Benjimin","M","1989","2","163"
"Benjmain","M","1989","2","163"
"Benn","M","1989","3","162"
"Bennet","M","1989","5","160"
"Bennett","M","1989","106","59"
"Bennie","M","1989","90","75"
"Benny","M","1989","103","62"
"Benson","M","1989","51","114"
"Bentley","M","1989","28","137"
"Benton","M","1989","65","100"
"Benuel","M","1989","10","155"
"Benyamin","M","1989","1","164"
"Benzion","M","1989","9","156"
"Berkeley","M","1989","6","159"
"Berkley","M","1989","3","162"
"Berlin","M","1989","8","157"
"Bernabe","M","1989","10","155"
"Bernard","M","1989","134","31"
"Bernardino","M","1989","24","141"
"Bernardo","M","1989","95","70"
"Bernell","M","1989","8","157"
"Bernie","M","1989","30","135"
"Berry","M","1989","28","137"
"Bert","M","1989","38","127"
"Bertin","M","1989","6","159"
"Berton","M","1989","2","163"
"Bertram","M","1989","15","150"
"Bertrand","M","1989","13","152"
"Beryl","M","1989","1","164"
"Besnik","M","1989","1","164"
"Beth","M","1989","1","164"
"Bethany","M","1989","11","154"
"Betim","M","1989","1","164"
"Bevan","M","1989","9","156"
"Beverly","M","1989","5","160"
"Bharat","M","1989","8","157"
"Bharath","M","1989","2","163"
"Bhavik","M","1989","3","162"
"Bhavin","M","1989","7","158"
"Bianca","M","1989","28","137"
"Bienvenido","M","1989","9","156"
"Bijan","M","1989","49","116"
"Bijon","M","1989","2","163"
"Biko","M","1989","8","157"
"Bilal","M","1989","74","91"
"Bill","M","1989","83","82"
"Billie","M","1989","46","119"
"Billy","M","1989","147","18"
"Billyjoe","M","1989","2","163"
"Billyray","M","1989","1","164"
"Binh","M","1989","22","143"
"Binyamin","M","1989","8","157"
"Bishop","M","1989","11","154"
"Bishoy","M","1989","3","162"
"Bj","M","1989","11","154"
"Booboo","M","1989","136","29"
